website,emails
http://100percentplumber.com,100percentplumber@gmail.com
http://101lintbusters.com,
http://13mistakes.com,
http://18009septic.com,customerservice@qualityseptictank.com
http://1833junkbug.com,info@1833junkbug.comHoursOpen
http://1907insulation.com,service@1907insulation.com
http://1callcleanout.com,1callcleanout@gmail.com
http://1stactionpha.com,1stactionpha@gmail.com
http://1stchoiceappliancerepair.com,
http://1stchoicedoors.com,service@1stchoicedoors.com
http://1stchoicelab.com,orders@1stchoicelab.com
http://1stchoicemechanicalaz.com,
http://1stchoiceplumbingdraincleaning.ca,
http://1sthvac.com,info@1sthvac.com
http://2020drainclean.com,
http://20perroom.com,contact@diamondsuperior.com
http://2145036961.com,"info@awssmarthome.com, 503-6961Support@awssmarthome.comPowered"
http://2marketing.ca,FAQs-about-laser-hair-removal@2x-1.jpg
http://brendanwalshplumbing.com,
http://bubbasjunkremoval.com,info@bubbasjunkremoval.com
http://northsideplumbingatlanta.com,
http://thegatekeeper.org,"service@thegatekeeper.orgLicense, service@thegatekeeper.org"
http://tomoservicesinc.com,
http://ilocalserver.com,
http://junk-station.com,
http://servermaintain.com,
http://housecallpro.com,"858-251-9751support@housecallpro.comFollow, info@housecallpro.com, support@housecallpro.com, support@housecallpro.com.Please, legal@housecallpro.com, cancellations@housecallpro.com.Customer, securedocuments@housecallpro.com, copyrightagent@housecallpro.com.If, cancellations@housecallpro.com, termsofservice@housecallpro.com"
http://linktr.ee,"press@linktr.ee, support@linktr.ee, contact@gdprlocal.com"
http://614electrician.com,buckeyeelectrician@gmail.comOffice
http://705electric.com,